Date,Total,HK_Residents,Mainland_Visitors,Other_Visitors,Year,Month,Day,DayOfWeek,WeekOfYear,IsWeekend
2023-01-01,49951,39516,3335,7100,2023,1,1,6,52,1
2023-01-02,53241,41625,3046,8570,2023,1,2,0,1,0
2023-01-03,47567,37172,3315,7080,2023,1,3,1,1,0
2023-01-04,46072,36080,3419,6573,2023,1,4,2,1,0
2023-01-05,43170,32846,3738,6586,2023,1,5,3,1,0
2023-01-06,45313,34462,4152,6699,2023,1,6,4,1,0
2023-01-07,47306,35790,4475,7041,2023,1,7,5,1,1
2023-01-08,55978,41465,5968,8545,2023,1,8,6,1,1
2023-01-09,44216,30940,5689,7587,2023,1,9,0,2,0
2023-01-10,44370,30318,5952,8100,2023,1,10,1,2,0
2023-01-11,44889,29696,6509,8684,2023,1,11,2,2,0
2023-01-12,45566,30044,6455,9067,2023,1,12,3,2,0
2023-01-13,47950,31375,7120,9455,2023,1,13,4,2,0
2023-01-14,50856,34816,6623,9417,2023,1,14,5,2,1
2023-01-15,55441,38337,7100,10004,2023,1,15,6,2,1
2023-01-16,43712,29308,6323,8081,2023,1,16,0,3,0
2023-01-17,48012,33908,6346,7758,2023,1,17,1,3,0
2023-01-18,55123,40512,6821,7790,2023,1,18,2,3,0
2023-01-19,58743,43833,6837,8073,2023,1,19,3,3,0
2023-01-20,60174,46128,5981,8065,2023,1,20,4,3,0
2023-01-21,56804,45376,3471,7957,2023,1,21,5,3,1
2023-01-22,51510,39659,4610,7241,2023,1,22,6,3,1
2023-01-23,47347,34045,6024,7278,2023,1,23,0,4,0
2023-01-24,50128,35796,5909,8423,2023,1,24,1,4,0
2023-01-25,57290,44675,5606,7009,2023,1,25,2,4,0
2023-01-26,57791,42201,7380,8210,2023,1,26,3,4,0
2023-01-27,58770,43278,7246,8246,2023,1,27,4,4,0
2023-01-28,62657,48771,5940,7946,2023,1,28,5,4,1
2023-01-29,68784,55046,5640,8098,2023,1,29,6,4,1
2023-01-30,55409,42167,6127,7115,2023,1,30,0,5,0
2023-01-31,52203,38943,6136,7124,2023,1,31,1,5,0
2023-02-01,54139,39271,7181,7687,2023,2,1,2,5,0
2023-02-02,50079,32959,8321,8799,2023,2,2,3,5,0
2023-02-03,50872,32448,8227,10197,2023,2,3,4,5,0
2023-02-04,50878,33236,7988,9654,2023,2,4,5,5,1
2023-02-05,57058,38452,7457,11149,2023,2,5,6,5,1
2023-02-06,50925,31553,8632,10740,2023,2,6,0,6,0
2023-02-07,46729,28128,8137,10464,2023,2,7,1,6,0
2023-02-08,48287,28721,8931,10635,2023,2,8,2,6,0
2023-02-09,49439,28702,9130,11607,2023,2,9,3,6,0
2023-02-10,53980,31808,9337,12835,2023,2,10,4,6,0
2023-02-11,53395,32121,8884,12390,2023,2,11,5,6,1
2023-02-12,58372,34847,9008,14517,2023,2,12,6,6,1
2023-02-13,51590,29539,9215,12836,2023,2,13,0,7,0
2023-02-14,46071,25770,8235,12066,2023,2,14,1,7,0
2023-02-15,51656,29505,9218,12933,2023,2,15,2,7,0
2023-02-16,51869,29345,9521,13003,2023,2,16,3,7,0
2023-02-17,57229,32580,9944,14705,2023,2,17,4,7,0
2023-02-18,55322,32455,9147,13720,2023,2,18,5,7,1
2023-02-19,62990,36625,10516,15849,2023,2,19,6,7,1
2023-02-20,56683,32135,10157,14391,2023,2,20,0,8,0
2023-02-21,50804,28550,9426,12828,2023,2,21,1,8,0
2023-02-22,54417,29637,10226,14554,2023,2,22,2,8,0
2023-02-23,56319,30112,10825,15382,2023,2,23,3,8,0
2023-02-24,62681,34556,10855,17270,2023,2,24,4,8,0
2023-02-25,62170,33626,10483,18061,2023,2,25,5,8,1
2023-02-26,67117,37435,11113,18569,2023,2,26,6,8,1
2023-02-27,62110,32925,10433,18752,2023,2,27,0,9,0
2023-02-28,60997,30710,10754,19533,2023,2,28,1,9,0
2023-03-01,63152,34161,10642,18349,2023,3,1,2,9,0
2023-03-02,60341,33323,11041,15977,2023,3,2,3,9,0
2023-03-03,64464,35678,11553,17233,2023,3,3,4,9,0
2023-03-04,62066,34794,10392,16880,2023,3,4,5,9,1
2023-03-05,70619,39164,11218,20237,2023,3,5,6,9,1
2023-03-06,63782,33017,11036,19729,2023,3,6,0,10,0
2023-03-07,59720,32068,10743,16909,2023,3,7,1,10,0
2023-03-08,61076,34108,11285,15683,2023,3,8,2,10,0
2023-03-09,63913,35763,11977,16173,2023,3,9,3,10,0
2023-03-10,68614,38372,12664,17578,2023,3,10,4,10,0
2023-03-11,65817,37679,11616,16522,2023,3,11,5,10,1
2023-03-12,73513,41836,12928,18749,2023,3,12,6,10,1
2023-03-13,66947,37288,12615,17044,2023,3,13,0,11,0
2023-03-14,60468,34635,10877,14956,2023,3,14,1,11,0
2023-03-15,65269,36414,12633,16222,2023,3,15,2,11,0
2023-03-16,66367,36705,12561,17101,2023,3,16,3,11,0
2023-03-17,73534,40338,13856,19340,2023,3,17,4,11,0
2023-03-18,68734,38148,12300,18286,2023,3,18,5,11,1
2023-03-19,77372,43089,13649,20634,2023,3,19,6,11,1
2023-03-20,70728,38631,13688,18409,2023,3,20,0,12,0
2023-03-21,65591,35509,12382,17700,2023,3,21,1,12,0
2023-03-22,68241,37424,13090,17727,2023,3,22,2,12,0
2023-03-23,70439,38412,13484,18543,2023,3,23,3,12,0
2023-03-24,76882,42270,14961,19651,2023,3,24,4,12,0
2023-03-25,72619,41135,13462,18022,2023,3,25,5,12,1
2023-03-26,83129,45362,16303,21464,2023,3,26,6,12,1
2023-03-27,74979,41182,14093,19704,2023,3,27,0,13,0
2023-03-28,69358,39791,13020,16547,2023,3,28,1,13,0
2023-03-29,74289,41983,12355,19951,2023,3,29,2,13,0
2023-03-30,79898,48305,13271,18322,2023,3,30,3,13,0
2023-03-31,90403,59603,12708,18092,2023,3,31,4,13,0
2023-04-01,92748,63184,11193,18371,2023,4,1,5,13,1
2023-04-02,91470,60205,11637,19628,2023,4,2,6,13,1
2023-04-03,77629,48632,10134,18863,2023,4,3,0,14,0
2023-04-04,83343,58481,8709,16153,2023,4,4,1,14,0
2023-04-05,87952,59769,9875,18308,2023,4,5,2,14,0
2023-04-06,85876,57072,8886,19918,2023,4,6,3,14,0
2023-04-07,88425,58982,9588,19855,2023,4,7,4,14,0
2023-04-08,83349,55039,9712,18598,2023,4,8,5,14,1
2023-04-09,101372,70404,10795,20173,2023,4,9,6,14,1
2023-04-10,97866,72981,8458,16427,2023,4,10,0,15,0
2023-04-11,94015,66939,9586,17490,2023,4,11,1,15,0
2023-04-12,89239,57340,9690,22209,2023,4,12,2,15,0
2023-04-13,83924,53598,10926,19400,2023,4,13,3,15,0
2023-04-14,90379,57575,12581,20223,2023,4,14,4,15,0
2023-04-15,88806,58202,11732,18872,2023,4,15,5,15,1
2023-04-16,97473,63233,13484,20756,2023,4,16,6,15,1
2023-04-17,83533,48212,14499,20822,2023,4,17,0,16,0
2023-04-18,77117,42526,13313,21278,2023,4,18,1,16,0
2023-04-19,75839,40499,12971,22369,2023,4,19,2,16,0
2023-04-20,78887,40272,13792,24823,2023,4,20,3,16,0
2023-04-21,85125,44406,14006,26713,2023,4,21,4,16,0
2023-04-22,78954,40211,13626,25117,2023,4,22,5,16,1
2023-04-23,88166,46413,14770,26983,2023,4,23,6,16,1
2023-04-24,76962,40575,13090,23297,2023,4,24,0,17,0
2023-04-25,75465,39596,13935,21934,2023,4,25,1,17,0
2023-04-26,79793,39935,15282,24576,2023,4,26,2,17,0
2023-04-27,83560,40289,19461,23810,2023,4,27,3,17,0
2023-04-28,93259,44275,23125,25859,2023,4,28,4,17,0
2023-04-29,91277,39645,25360,26272,2023,4,29,5,17,1
2023-04-30,82557,40683,18628,23246,2023,4,30,6,17,1
2023-05-01,83247,44038,15116,24093,2023,5,1,0,18,0
2023-05-02,77140,37673,18921,20546,2023,5,2,1,18,0
2023-05-03,79493,34066,24536,20891,2023,5,3,2,18,0
2023-05-04,73137,33307,19307,20523,2023,5,4,3,18,0
2023-05-05,73591,36733,15053,21805,2023,5,5,4,18,0
2023-05-06,71536,36051,14874,20611,2023,5,6,5,18,1
2023-05-07,83243,41402,16876,24965,2023,5,7,6,18,1
2023-05-08,74541,40197,13794,20550,2023,5,8,0,19,0
2023-05-09,70558,38115,13314,19129,2023,5,9,1,19,0
2023-05-10,72513,40928,13271,18314,2023,5,10,2,19,0
2023-05-11,74048,39934,15399,18715,2023,5,11,3,19,0
2023-05-12,81209,44222,15946,21041,2023,5,12,4,19,0
2023-05-13,77414,43145,14573,19696,2023,5,13,5,19,1
2023-05-14,86574,48284,16651,21639,2023,5,14,6,19,1
2023-05-15,83335,47600,15639,20096,2023,5,15,0,20,0
2023-05-16,74502,42335,13433,18734,2023,5,16,1,20,0
2023-05-17,76979,44367,13282,19330,2023,5,17,2,20,0
2023-05-18,79686,44828,15028,19830,2023,5,18,3,20,0
2023-05-19,87071,50128,15075,21868,2023,5,19,4,20,0
2023-05-20,83998,50132,13222,20644,2023,5,20,5,20,1
2023-05-21,89763,52657,14497,22609,2023,5,21,6,20,1
2023-05-22,81978,48222,13732,20024,2023,5,22,0,21,0
2023-05-23,79171,47199,12591,19381,2023,5,23,1,21,0
2023-05-24,82222,51503,12117,18602,2023,5,24,2,21,0
2023-05-25,87734,55855,12787,19092,2023,5,25,3,21,0
2023-05-26,90698,55099,13625,21974,2023,5,26,4,21,0
2023-05-27,83456,49603,12956,20897,2023,5,27,5,21,1
2023-05-28,93839,60270,12646,20923,2023,5,28,6,21,1
2023-05-29,85515,52466,12887,20162,2023,5,29,0,22,0
2023-05-30,77395,46847,11830,18718,2023,5,30,1,22,0
2023-05-31,78460,48331,11457,18672,2023,5,31,2,22,0
2023-06-01,77033,45180,11884,19969,2023,6,1,3,22,0
2023-06-02,82350,46567,12530,23253,2023,6,2,4,22,0
2023-06-03,81208,45523,12415,23270,2023,6,3,5,22,1
2023-06-04,89013,51549,12923,24541,2023,6,4,6,22,1
2023-06-05,84056,46635,12745,24676,2023,6,5,0,23,0
2023-06-06,77238,42879,11911,22448,2023,6,6,1,23,0
2023-06-07,79360,46200,12298,20862,2023,6,7,2,23,0
2023-06-08,80768,45889,13075,21804,2023,6,8,3,23,0
2023-06-09,89262,51300,13901,24061,2023,6,9,4,23,0
2023-06-10,86330,49402,14014,22914,2023,6,10,5,23,1
2023-06-11,95672,54737,15059,25876,2023,6,11,6,23,1
2023-06-12,88700,49709,14064,24927,2023,6,12,0,24,0
2023-06-13,78748,44385,12436,21927,2023,6,13,1,24,0
2023-06-14,85802,50642,13160,22000,2023,6,14,2,24,0
2023-06-15,85011,49127,14087,21797,2023,6,15,3,24,0
2023-06-16,95805,55548,16200,24057,2023,6,16,4,24,0
2023-06-17,93457,54138,16692,22627,2023,6,17,5,24,1
2023-06-18,98334,57010,16348,24976,2023,6,18,6,24,1
2023-06-19,91995,52467,15914,23614,2023,6,19,0,25,0
2023-06-20,87685,50594,14860,22231,2023,6,20,1,25,0
2023-06-21,96781,57889,16021,22871,2023,6,21,2,25,0
2023-06-22,98259,58495,15645,24119,2023,6,22,3,25,0
2023-06-23,92675,53426,15740,23509,2023,6,23,4,25,0
2023-06-24,96028,54017,17789,24222,2023,6,24,5,25,1
2023-06-25,107537,65527,14932,27078,2023,6,25,6,25,1
2023-06-26,98711,58163,15280,25268,2023,6,26,0,26,0
2023-06-27,92491,54554,15238,22699,2023,6,27,1,26,0
2023-06-28,93490,55537,14957,22996,2023,6,28,2,26,0
2023-06-29,95145,55065,15860,24220,2023,6,29,3,26,0
2023-06-30,100226,62277,16092,21857,2023,6,30,4,26,0
2023-07-01,103271,62786,16262,24223,2023,7,1,5,26,1
2023-07-02,103487,62514,15724,25249,2023,7,2,6,26,1
2023-07-03,95266,56411,15874,22981,2023,7,3,0,27,0
2023-07-04,90192,52127,15598,22467,2023,7,4,1,27,0
2023-07-05,91127,52710,16332,22085,2023,7,5,2,27,0
2023-07-06,94897,54225,16978,23694,2023,7,6,3,27,0
2023-07-07,97316,56229,17783,23304,2023,7,7,4,27,0
2023-07-08,97980,56774,18347,22859,2023,7,8,5,27,1
2023-07-09,104291,60816,18513,24962,2023,7,9,6,27,1
2023-07-10,95211,53331,18041,23839,2023,7,10,0,28,0
2023-07-11,90038,51194,17036,21808,2023,7,11,1,28,0
2023-07-12,93114,54328,17012,21774,2023,7,12,2,28,0
2023-07-13,94904,56093,16933,21878,2023,7,13,3,28,0
2023-07-14,100136,59536,17427,23173,2023,7,14,4,28,0
2023-07-15,103320,61984,18303,23033,2023,7,15,5,28,1
2023-07-16,108355,66859,18407,23089,2023,7,16,6,28,1
2023-07-17,94966,55586,16546,22834,2023,7,17,0,29,0
2023-07-18,99195,59897,17481,21817,2023,7,18,1,29,0
2023-07-19,96727,59224,16413,21090,2023,7,19,2,29,0
2023-07-20,98957,61380,17455,20122,2023,7,20,3,29,0
2023-07-21,104163,64636,17911,21616,2023,7,21,4,29,0
2023-07-22,105947,66603,18730,20614,2023,7,22,5,29,1
2023-07-23,110894,70309,18856,21729,2023,7,23,6,29,1
2023-07-24,104600,65138,18355,21107,2023,7,24,0,30,0
2023-07-25,99307,60729,18083,20495,2023,7,25,1,30,0
2023-07-26,98578,60874,17675,20029,2023,7,26,2,30,0
2023-07-27,99745,59906,18090,21749,2023,7,27,3,30,0
2023-07-28,106135,64789,17767,23579,2023,7,28,4,30,0
2023-07-29,107975,66250,18835,22890,2023,7,29,5,30,1
2023-07-30,111372,69393,18202,23777,2023,7,30,6,30,1
2023-07-31,106365,66514,17609,22242,2023,7,31,0,31,0
2023-08-01,100813,61929,17863,21021,2023,8,1,1,31,0
2023-08-02,101046,61315,18505,21226,2023,8,2,2,31,0
2023-08-03,103035,62279,19957,20799,2023,8,3,3,31,0
2023-08-04,109646,67642,19872,22132,2023,8,4,4,31,0
2023-08-05,110156,67354,20461,22341,2023,8,5,5,31,1
2023-08-06,112517,69491,20493,22533,2023,8,6,6,31,1
2023-08-07,105991,65446,19871,20674,2023,8,7,0,32,0
2023-08-08,102935,63804,19095,20036,2023,8,8,1,32,0
2023-08-09,103142,62855,18847,21440,2023,8,9,2,32,0
2023-08-10,106377,63080,20740,22557,2023,8,10,3,32,0
2023-08-11,111134,66361,20502,24271,2023,8,11,4,32,0
2023-08-12,111504,66225,20933,24346,2023,8,12,5,32,1
2023-08-13,114305,70545,20306,23454,2023,8,13,6,32,1
2023-08-14,108586,63522,20004,25060,2023,8,14,0,33,0
2023-08-15,100189,58300,19804,22085,2023,8,15,1,33,0
2023-08-16,108859,64695,20571,23593,2023,8,16,2,33,0
2023-08-17,104232,60426,21470,22336,2023,8,17,3,33,0
2023-08-18,107008,63866,20767,22375,2023,8,18,4,33,0
2023-08-19,108349,63455,21380,23514,2023,8,19,5,33,1
2023-08-20,113086,69309,20961,22816,2023,8,20,6,33,1
2023-08-21,106701,64158,19751,22792,2023,8,21,0,34,0
2023-08-22,99906,60092,19617,20197,2023,8,22,1,34,0
2023-08-23,100123,60933,19197,19993,2023,8,23,2,34,0
2023-08-24,104270,61682,20296,22292,2023,8,24,3,34,0
2023-08-25,105855,63122,19395,23338,2023,8,25,4,34,0
2023-08-26,107162,64588,19889,22685,2023,8,26,5,34,1
2023-08-27,108579,66776,18640,23163,2023,8,27,6,34,1
2023-08-28,102117,61185,16811,24121,2023,8,28,0,35,0
2023-08-29,92516,56631,15877,20008,2023,8,29,1,35,0
2023-08-30,90992,57358,14506,19128,2023,8,30,2,35,0
2023-08-31,100539,62203,16020,22316,2023,8,31,3,35,0
2023-09-01,31314,19065,4231,8018,2023,9,1,4,35,0
2023-09-02,64055,37712,7996,18347,2023,9,2,5,35,1
2023-09-03,111281,68247,15715,27319,2023,9,3,6,35,1
2023-09-04,87367,49525,13775,24067,2023,9,4,0,36,0
2023-09-05,79816,44265,12551,23000,2023,9,5,1,36,0
2023-09-06,76670,43309,12288,21073,2023,9,6,2,36,0
2023-09-07,80763,45359,13277,22127,2023,9,7,3,36,0
2023-09-08,87513,48427,14394,24692,2023,9,8,4,36,0
2023-09-09,88568,49512,12977,26079,2023,9,9,5,36,1
2023-09-10,95562,54959,14649,25954,2023,9,10,6,36,1
2023-09-11,85307,48746,14075,22486,2023,9,11,0,37,0
2023-09-12,76732,44433,12483,19816,2023,9,12,1,37,0
2023-09-13,76417,43889,12510,20018,2023,9,13,2,37,0
2023-09-14,83580,47243,13513,22824,2023,9,14,3,37,0
2023-09-15,91918,51472,14575,25871,2023,9,15,4,37,0
2023-09-16,90687,49839,13432,27416,2023,9,16,5,37,1
2023-09-17,100087,53935,16165,29987,2023,9,17,6,37,1
2023-09-18,91121,49187,14483,27451,2023,9,18,0,38,0
2023-09-19,83976,44557,13356,26063,2023,9,19,1,38,0
2023-09-20,82654,45682,13859,23113,2023,9,20,2,38,0
2023-09-21,88004,47791,14938,25275,2023,9,21,3,38,0
2023-09-22,92445,50110,15710,26625,2023,9,22,4,38,0
2023-09-23,95122,49150,16999,28973,2023,9,23,5,38,1
2023-09-24,100325,54143,17072,29110,2023,9,24,6,38,1
2023-09-25,87764,47250,15013,25501,2023,9,25,0,39,0
2023-09-26,84985,44520,18182,22283,2023,9,26,1,39,0
2023-09-27,91435,46410,22366,22659,2023,9,27,2,39,0
2023-09-28,103193,49406,27465,26322,2023,9,28,3,39,0
2023-09-29,103366,53504,27128,22734,2023,9,29,4,39,0
2023-09-30,97628,49617,25424,22587,2023,9,30,5,39,1
2023-10-01,90600,44069,23237,23294,2023,10,1,6,39,1
2023-10-02,98718,58671,19802,20245,2023,10,2,0,40,0
2023-10-03,90431,47705,22835,19891,2023,10,3,1,40,0
2023-10-04,91781,42977,29032,19772,2023,10,4,2,40,0
2023-10-05,95219,39989,35711,19519,2023,10,5,3,40,0
2023-10-06,99536,40751,36558,22227,2023,10,6,4,40,0
2023-10-07,92771,42710,24530,25531,2023,10,7,5,40,1
2023-10-08,87115,45232,17183,24700,2023,10,8,6,40,1
2023-10-09,92641,46679,17243,28719,2023,10,9,0,41,0
2023-10-10,85093,43328,12882,28883,2023,10,10,1,41,0
2023-10-11,82488,44760,11429,26299,2023,10,11,2,41,0
2023-10-12,88887,47248,12380,29259,2023,10,12,3,41,0
2023-10-13,94391,52484,11795,30112,2023,10,13,4,41,0
2023-10-14,97350,53448,12453,31449,2023,10,14,5,41,1
2023-10-15,105072,58122,13520,33430,2023,10,15,6,41,1
2023-10-16,95010,53278,11974,29758,2023,10,16,0,42,0
2023-10-17,85489,48279,10756,26454,2023,10,17,1,42,0
2023-10-18,92571,53153,11479,27939,2023,10,18,2,42,0
2023-10-19,103730,60176,12183,31371,2023,10,19,3,42,0
2023-10-20,113342,70430,12062,30850,2023,10,20,4,42,0
2023-10-21,110644,67627,11622,31395,2023,10,21,5,42,1
2023-10-22,109919,66429,12174,31316,2023,10,22,6,42,1
2023-10-23,112075,71747,11539,28789,2023,10,23,0,43,0
2023-10-24,101173,62466,10875,27832,2023,10,24,1,43,0
2023-10-25,96246,55919,11954,28373,2023,10,25,2,43,0
2023-10-26,101482,54618,14495,32369,2023,10,26,3,43,0
2023-10-27,105978,58773,12843,34362,2023,10,27,4,43,0
2023-10-28,103751,59614,11854,32283,2023,10,28,5,43,1
2023-10-29,113843,65579,13256,35008,2023,10,29,6,43,1
2023-10-30,100653,54149,13211,33293,2023,10,30,0,44,0
2023-10-31,89964,48097,11181,30686,2023,10,31,1,44,0
2023-11-01,90856,48477,10718,31661,2023,11,1,2,44,0
2023-11-02,95730,48974,11828,34928,2023,11,2,3,44,0
2023-11-03,100620,52924,12814,34882,2023,11,3,4,44,0
2023-11-04,97724,51705,11734,34285,2023,11,4,5,44,1
2023-11-05,107736,57631,13343,36762,2023,11,5,6,44,1
2023-11-06,98867,52957,12582,33328,2023,11,6,0,45,0
2023-11-07,86805,46331,11177,29297,2023,11,7,1,45,0
2023-11-08,90944,49631,12024,29289,2023,11,8,2,45,0
2023-11-09,94359,51365,11715,31279,2023,11,9,3,45,0
2023-11-10,106116,58280,13648,34188,2023,11,10,4,45,0
2023-11-11,102947,55270,13087,34590,2023,11,11,5,45,1
2023-11-12,114720,63485,14700,36535,2023,11,12,6,45,1
2023-11-13,104071,53876,13662,36533,2023,11,13,0,46,0
2023-11-14,95261,48600,12097,34564,2023,11,14,1,46,0
2023-11-15,95783,51862,12033,31888,2023,11,15,2,46,0
2023-11-16,101751,53410,13441,34900,2023,11,16,3,46,0
2023-11-17,113684,59792,15048,38844,2023,11,17,4,46,0
2023-11-18,110997,58007,13599,39391,2023,11,18,5,46,1
2023-11-19,116822,63727,15434,37661,2023,11,19,6,46,1
2023-11-20,105537,57163,13940,34434,2023,11,20,0,47,0
2023-11-21,92914,49711,12471,30732,2023,11,21,1,47,0
2023-11-22,97003,51532,12992,32479,2023,11,22,2,47,0
2023-11-23,104619,52906,15137,36576,2023,11,23,3,47,0
2023-11-24,109479,59032,15112,35335,2023,11,24,4,47,0
2023-11-25,107805,56357,13858,37590,2023,11,25,5,47,1
2023-11-26,117074,60924,15616,40534,2023,11,26,6,47,1
2023-11-27,105408,56140,13475,35793,2023,11,27,0,48,0
2023-11-28,94295,50463,12310,31522,2023,11,28,1,48,0
2023-11-29,94052,49798,12613,31641,2023,11,29,2,48,0
2023-11-30,103845,54713,14682,34450,2023,11,30,3,48,0
2023-12-01,109092,59106,15943,34043,2023,12,1,4,48,0
2023-12-02,103893,54328,14262,35303,2023,12,2,5,48,1
2023-12-03,112082,58749,16007,37326,2023,12,3,6,48,1
2023-12-04,101466,53868,13861,33737,2023,12,4,0,49,0
2023-12-05,94178,48162,12369,33647,2023,12,5,1,49,0
2023-12-06,93898,48869,13516,31513,2023,12,6,2,49,0
2023-12-07,103918,54325,14303,35290,2023,12,7,3,49,0
2023-12-08,113268,60885,14865,37518,2023,12,8,4,49,0
2023-12-09,110785,57978,14367,38440,2023,12,9,5,49,1
2023-12-10,116717,60194,17238,39285,2023,12,10,6,49,1
2023-12-11,109163,59034,14528,35601,2023,12,11,0,50,0
2023-12-12,95998,51636,12816,31546,2023,12,12,1,50,0
2023-12-13,98948,54226,14396,30326,2023,12,13,2,50,0
2023-12-14,106624,57895,16239,32490,2023,12,14,3,50,0
2023-12-15,120336,69170,17283,33883,2023,12,15,4,50,0
2023-12-16,122115,70292,16213,35610,2023,12,16,5,50,1
2023-12-17,124061,69192,17926,36943,2023,12,17,6,50,1
2023-12-18,114003,62731,16258,35014,2023,12,18,0,51,0
2023-12-19,108932,61958,14094,32880,2023,12,19,1,51,0
2023-12-20,117860,70665,13875,33320,2023,12,20,2,51,0
2023-12-21,127971,80390,14531,33050,2023,12,21,3,51,0
2023-12-22,138992,88498,15168,35326,2023,12,22,4,51,0
2023-12-23,140751,86772,14820,39159,2023,12,23,5,51,1
2023-12-24,121672,70142,14050,37480,2023,12,24,6,51,1
2023-12-25,116050,64027,13652,38371,2023,12,25,0,52,0
2023-12-26,135357,84021,12514,38822,2023,12,26,1,52,0
2023-12-27,129540,76912,12548,40080,2023,12,27,2,52,0
2023-12-28,123857,68717,13612,41528,2023,12,28,3,52,0
2023-12-29,128693,66128,17473,45092,2023,12,29,4,52,0
2023-12-30,131039,68437,16363,46239,2023,12,30,5,52,1
2023-12-31,115203,70711,10774,33718,2023,12,31,6,52,1
2024-01-01,135960,78977,16397,40586,2024,1,1,0,1,0
2024-01-02,127400,71372,14585,41443,2024,1,2,1,1,0
2024-01-03,113505,61152,13905,38448,2024,1,3,2,1,0
2024-01-04,101756,55756,11890,34110,2024,1,4,3,1,0
2024-01-05,105782,57576,13398,34808,2024,1,5,4,1,0
2024-01-06,107014,59107,13272,34635,2024,1,6,5,1,1
2024-01-07,116083,63920,15932,36231,2024,1,7,6,1,1
2024-01-08,102072,53848,14088,34136,2024,1,8,0,2,0
2024-01-09,89329,47195,12275,29859,2024,1,9,1,2,0
2024-01-10,92273,48513,13290,30470,2024,1,10,2,2,0
2024-01-11,94647,48442,14073,32132,2024,1,11,3,2,0
2024-01-12,104285,52981,16470,34834,2024,1,12,4,2,0
2024-01-13,100890,51776,15411,33703,2024,1,13,5,2,1
2024-01-14,112062,56919,17924,37219,2024,1,14,6,2,1
2024-01-15,101563,51398,17078,33087,2024,1,15,0,3,0
2024-01-16,90837,43687,15449,31701,2024,1,16,1,3,0
2024-01-17,93419,45440,16672,31307,2024,1,17,2,3,0
2024-01-18,95343,45662,16750,32931,2024,1,18,3,3,0
2024-01-19,107521,50851,20128,36542,2024,1,19,4,3,0
2024-01-20,106166,49144,21698,35324,2024,1,20,5,3,1
2024-01-21,113879,52294,23787,37798,2024,1,21,6,3,1
2024-01-22,102803,46259,22101,34443,2024,1,22,0,4,0
2024-01-23,94399,40642,22104,31653,2024,1,23,1,4,0
2024-01-24,95930,42109,22311,31510,2024,1,24,2,4,0
2024-01-25,100895,43528,22941,34426,2024,1,25,3,4,0
2024-01-26,109824,47769,24959,37096,2024,1,26,4,4,0
2024-01-27,108962,45942,27679,35341,2024,1,27,5,4,1
2024-01-28,116833,50131,28396,38306,2024,1,28,6,4,1
2024-01-29,103074,43463,26500,33111,2024,1,29,0,5,0
2024-01-30,95318,39334,26575,29409,2024,1,30,1,5,0
2024-01-31,98686,42380,27713,28593,2024,1,31,2,5,0
2024-02-01,101245,41825,29314,30106,2024,2,1,3,5,0
2024-02-02,107206,46560,30054,30592,2024,2,2,4,5,0
2024-02-03,110222,49043,30885,30294,2024,2,3,5,5,1
2024-02-04,110983,48358,30744,31881,2024,2,4,6,5,1
2024-02-05,101332,43719,31596,26017,2024,2,5,0,6,0
2024-02-06,107378,53215,31233,22930,2024,2,6,1,6,0
2024-02-07,119078,67175,28699,23204,2024,2,7,2,6,0
2024-02-08,126088,73475,26960,25653,2024,2,8,3,6,0
2024-02-09,122410,78910,19133,24367,2024,2,9,4,6,0
2024-02-10,112293,65346,22350,24597,2024,2,10,5,6,1
2024-02-11,110455,56641,28803,25011,2024,2,11,6,6,1
2024-02-12,118222,61391,30580,26251,2024,2,12,0,7,0
2024-02-13,127106,76642,27017,23447,2024,2,13,1,7,0
2024-02-14,123573,69000,30134,24439,2024,2,14,2,7,0
2024-02-15,126449,69421,32640,24388,2024,2,15,3,7,0
2024-02-16,127394,71225,32602,23567,2024,2,16,4,7,0
2024-02-17,129748,80019,26864,22865,2024,2,17,5,7,1
2024-02-18,133614,87063,22076,24475,2024,2,18,6,7,1
2024-02-19,115392,65840,26088,23464,2024,2,19,0,8,0
2024-02-20,103003,51889,25693,25421,2024,2,20,1,8,0
2024-02-21,97962,46684,23593,27685,2024,2,21,2,8,0
2024-02-22,100835,46200,20965,33670,2024,2,22,3,8,0
2024-02-23,110023,50003,20548,39472,2024,2,23,4,8,0
2024-02-24,104944,48029,18115,38800,2024,2,24,5,8,1
2024-02-25,119596,53739,19452,46405,2024,2,25,6,8,1
2024-02-26,109797,48920,16308,44569,2024,2,26,0,9,0
2024-02-27,97730,44592,13832,39306,2024,2,27,1,9,0
2024-02-28,99915,43183,14330,42402,2024,2,28,2,9,0
2024-02-29,100183,46996,14438,38749,2024,2,29,3,9,0
2024-03-01,108776,54535,14886,39355,2024,3,1,4,9,0
2024-03-02,102810,49663,13280,39867,2024,3,2,5,9,1
2024-03-03,111082,54223,14464,42395,2024,3,3,6,9,1
2024-03-04,103911,50523,12992,40396,2024,3,4,0,10,0
2024-03-05,90448,42994,11498,35956,2024,3,5,1,10,0
2024-03-06,89732,44267,11992,33473,2024,3,6,2,10,0
2024-03-07,95021,46681,12828,35512,2024,3,7,3,10,0
2024-03-08,109965,55964,15677,38324,2024,3,8,4,10,0
2024-03-09,102779,51239,13859,37681,2024,3,9,5,10,1
2024-03-10,117545,59146,17056,41343,2024,3,10,6,10,1
2024-03-11,102594,51332,13744,37518,2024,3,11,0,11,0
2024-03-12,89068,45254,11681,32133,2024,3,12,1,11,0
2024-03-13,92847,45752,13302,33793,2024,3,13,2,11,0
2024-03-14,96893,48097,14329,34467,2024,3,14,3,11,0
2024-03-15,111532,56409,16042,39081,2024,3,15,4,11,0
2024-03-16,103644,51667,14551,37426,2024,3,16,5,11,1
2024-03-17,117697,59071,17181,41445,2024,3,17,6,11,1
2024-03-18,107617,54144,16314,37159,2024,3,18,0,12,0
2024-03-19,92719,47912,14069,30738,2024,3,19,1,12,0
2024-03-20,101826,51930,16015,33881,2024,3,20,2,12,0
2024-03-21,105948,55789,15893,34266,2024,3,21,3,12,0
2024-03-22,122948,67609,18463,36876,2024,3,22,4,12,0
2024-03-23,118910,68695,15663,34552,2024,3,23,5,12,1
2024-03-24,126567,70621,19066,36880,2024,3,24,6,12,1
2024-03-25,116743,63755,18612,34376,2024,3,25,0,13,0
2024-03-26,118882,73310,14867,30705,2024,3,26,1,13,0
2024-03-27,130842,82595,13749,34498,2024,3,27,2,13,0
2024-03-28,140000,95700,12386,31914,2024,3,28,3,13,0
2024-03-29,144349,96612,14735,33002,2024,3,29,4,13,0
2024-03-30,130495,78584,16059,35852,2024,3,30,5,13,1
2024-03-31,130042,76679,16294,37069,2024,3,31,6,13,1
2024-04-01,137996,96366,11488,30142,2024,4,1,0,14,0
2024-04-02,119755,80333,12095,27327,2024,4,2,1,14,0
2024-04-03,121305,75124,16741,29440,2024,4,3,2,14,0
2024-04-04,120446,76091,13631,30724,2024,4,4,3,14,0
2024-04-05,116126,71850,13142,31134,2024,4,5,4,14,0
2024-04-06,127307,79413,16069,31825,2024,4,6,5,14,1
2024-04-07,139192,89605,14152,35435,2024,4,7,6,14,1
2024-04-08,121825,71242,14664,35919,2024,4,8,0,15,0
2024-04-09,104762,55094,14874,34794,2024,4,9,1,15,0
2024-04-10,109808,50776,16388,42644,2024,4,10,2,15,0
2024-04-11,100962,49009,15550,36403,2024,4,11,3,15,0
2024-04-12,113502,55318,16729,41455,2024,4,12,4,15,0
2024-04-13,110133,53282,14682,42169,2024,4,13,5,15,1
2024-04-14,120623,60080,17357,43186,2024,4,14,6,15,1
2024-04-15,110431,52955,17072,40404,2024,4,15,0,16,0
2024-04-16,95683,45593,14768,35322,2024,4,16,1,16,0
2024-04-17,98366,46965,16118,35283,2024,4,17,2,16,0
2024-04-18,99914,50034,14804,35076,2024,4,18,3,16,0
2024-04-19,109952,54268,17653,38031,2024,4,19,4,16,0
2024-04-20,108098,51900,17294,38904,2024,4,20,5,16,1
2024-04-21,118025,57470,19522,41033,2024,4,21,6,16,1
2024-04-22,109152,55434,18061,35657,2024,4,22,0,17,0
2024-04-23,93628,46303,16505,30820,2024,4,23,1,17,0
2024-04-24,100038,48960,16015,35063,2024,4,24,2,17,0
2024-04-25,99160,50883,15819,32458,2024,4,25,3,17,0
2024-04-26,112602,55319,20453,36830,2024,4,26,4,17,0
2024-04-27,116763,54638,23653,38472,2024,4,27,5,17,1
2024-04-28,113520,53502,22484,37534,2024,4,28,6,17,1
2024-04-29,102920,45276,26239,31405,2024,4,29,0,18,0
2024-04-30,109143,43341,36499,29303,2024,4,30,1,18,0
2024-05-01,128719,55339,40477,32903,2024,5,1,2,18,0
2024-05-02,101354,43376,29251,28727,2024,5,2,3,18,0
2024-05-03,97018,39713,25299,32006,2024,5,3,4,18,0
2024-05-04,100159,39960,30990,29209,2024,5,4,5,18,1
2024-05-05,133908,54639,44019,35250,2024,5,5,6,18,1
2024-05-06,114824,46473,33667,34684,2024,5,6,0,19,0
2024-05-07,93584,45693,22630,25261,2024,5,7,1,19,0
2024-05-08,89404,47013,17057,25334,2024,5,8,2,19,0
2024-05-09,88878,48617,14027,26234,2024,5,9,3,19,0
2024-05-10,102149,59086,13638,29425,2024,5,10,4,19,0
2024-05-11,101551,61423,11690,28438,2024,5,11,5,19,1
2024-05-12,107012,60847,14457,31708,2024,5,12,6,19,1
2024-05-13,93237,52508,13743,26986,2024,5,13,0,20,0
2024-05-14,95329,58442,12060,24827,2024,5,14,1,20,0
2024-05-15,113205,73829,12493,26883,2024,5,15,2,20,0
2024-05-16,96878,55243,15121,26514,2024,5,16,3,20,0
2024-05-17,103683,57785,16160,29738,2024,5,17,4,20,0
2024-05-18,108601,62310,15783,30508,2024,5,18,5,20,1
2024-05-19,122693,74834,16725,31134,2024,5,19,6,20,1
2024-05-20,107126,64089,15254,27783,2024,5,20,0,21,0
2024-05-21,94249,54393,13952,25904,2024,5,21,1,21,0
2024-05-22,93905,52181,13745,27979,2024,5,22,2,21,0
2024-05-23,96154,53530,14495,28129,2024,5,23,3,21,0
2024-05-24,111758,63752,17154,30852,2024,5,24,4,21,0
2024-05-25,110221,61855,15880,32486,2024,5,25,5,21,1
2024-05-26,122202,68368,17839,35995,2024,5,26,6,21,1
2024-05-27,109622,61101,16355,32166,2024,5,27,0,22,0
2024-05-28,93383,53004,13438,26941,2024,5,28,1,22,0
2024-05-29,91938,52454,12985,26499,2024,5,29,2,22,0
2024-05-30,97109,53787,13976,29346,2024,5,30,3,22,0
2024-05-31,109202,61223,16479,31500,2024,5,31,4,22,0
2024-06-01,107607,61020,14244,32343,2024,6,1,5,22,1
2024-06-02,116349,66419,17674,32256,2024,6,2,6,22,1
2024-06-03,102482,57408,14362,30712,2024,6,3,0,23,0
2024-06-04,87025,50099,11882,25044,2024,6,4,1,23,0
2024-06-05,94272,53902,13126,27244,2024,6,5,2,23,0
2024-06-06,107260,61298,15710,30252,2024,6,6,3,23,0
2024-06-07,124389,73072,20177,31140,2024,6,7,4,23,0
2024-06-08,124069,69757,19608,34704,2024,6,8,5,23,1
2024-06-09,110742,62176,15683,32883,2024,6,9,6,23,1
2024-06-10,131271,78359,19968,32944,2024,6,10,0,24,0
2024-06-11,110577,64367,18426,27784,2024,6,11,1,24,0
2024-06-12,102813,58651,15787,28375,2024,6,12,2,24,0
2024-06-13,98550,55653,14693,28204,2024,6,13,3,24,0
2024-06-14,114092,63512,18026,32554,2024,6,14,4,24,0
2024-06-15,113475,63300,16833,33342,2024,6,15,5,24,1
2024-06-16,121916,69099,18291,34526,2024,6,16,6,24,1
2024-06-17,112488,59592,18685,34211,2024,6,17,0,25,0
2024-06-18,108461,61340,15795,31326,2024,6,18,1,25,0
2024-06-19,103852,56927,15929,30996,2024,6,19,2,25,0
2024-06-20,106830,60307,15986,30537,2024,6,20,3,25,0
2024-06-21,119645,68288,17877,33480,2024,6,21,4,25,0
2024-06-22,117177,65778,17788,33611,2024,6,22,5,25,1
2024-06-23,125965,71201,18620,36144,2024,6,23,6,25,1
2024-06-24,119061,66339,18345,34377,2024,6,24,0,26,0
2024-06-25,108961,62020,17151,29790,2024,6,25,1,26,0
2024-06-26,112466,64995,17405,30066,2024,6,26,2,26,0
2024-06-27,121153,73784,17108,30261,2024,6,27,3,26,0
2024-06-28,133526,85229,17611,30686,2024,6,28,4,26,0
2024-06-29,134964,84778,17522,32664,2024,6,29,5,26,1
2024-06-30,131676,78395,19965,33316,2024,6,30,6,26,1
2024-07-01,129177,85449,15228,28500,2024,7,1,0,27,0
2024-07-02,117020,74311,16365,26344,2024,7,2,1,27,0
2024-07-03,111011,64965,18135,27911,2024,7,3,2,27,0
2024-07-04,109266,62726,18022,28518,2024,7,4,3,27,0
2024-07-05,116780,65201,20406,31173,2024,7,5,4,27,0
2024-07-06,116291,65805,20825,29661,2024,7,6,5,27,1
2024-07-07,124755,70697,22072,31986,2024,7,7,6,27,1
2024-07-08,113947,63031,21636,29280,2024,7,8,0,28,0
2024-07-09,103036,56862,19905,26269,2024,7,9,1,28,0
2024-07-10,106204,58358,20920,26926,2024,7,10,2,28,0
2024-07-11,112143,62349,21826,27968,2024,7,11,3,28,0
2024-07-12,123507,71194,22864,29449,2024,7,12,4,28,0
2024-07-13,122024,69561,23366,29097,2024,7,13,5,28,1
2024-07-14,128397,72438,25490,30469,2024,7,14,6,28,1
2024-07-15,124020,68347,24638,31035,2024,7,15,0,29,0
2024-07-16,111847,63967,22227,25653,2024,7,16,1,29,0
2024-07-17,113233,66176,21262,25795,2024,7,17,2,29,0
2024-07-18,119268,70520,22032,26716,2024,7,18,3,29,0
2024-07-19,128320,75804,23330,29186,2024,7,19,4,29,0
2024-07-20,130391,77674,23304,29413,2024,7,20,5,29,1
2024-07-21,140166,84102,25065,30999,2024,7,21,6,29,1
2024-07-22,131053,76841,23349,30863,2024,7,22,0,30,0
2024-07-23,118118,69816,22101,26201,2024,7,23,1,30,0
2024-07-24,117288,69146,21834,26308,2024,7,24,2,30,0
2024-07-25,122566,71769,23046,27751,2024,7,25,3,30,0
2024-07-26,137119,80798,24185,32136,2024,7,26,4,30,0
2024-07-27,135458,79419,23265,32774,2024,7,27,5,30,1
2024-07-28,141036,83234,25427,32375,2024,7,28,6,30,1
2024-07-29,134895,78132,24538,32225,2024,7,29,0,31,0
2024-07-30,119926,70063,22359,27504,2024,7,30,1,31,0
2024-07-31,124825,74854,22719,27252,2024,7,31,2,31,0
2024-08-01,129470,78470,23793,27207,2024,8,1,3,31,0
2024-08-02,133163,79231,25956,27976,2024,8,2,4,31,0
2024-08-03,131811,78411,24730,28670,2024,8,3,5,31,1
2024-08-04,137867,81690,26097,30080,2024,8,4,6,31,1
2024-08-05,132094,77027,27934,27133,2024,8,5,0,32,0
2024-08-06,122634,71772,25445,25417,2024,8,6,1,32,0
2024-08-07,121579,70738,25055,25786,2024,8,7,2,32,0
2024-08-08,124994,72530,25074,27390,2024,8,8,3,32,0
2024-08-09,136523,80505,26205,29813,2024,8,9,4,32,0
2024-08-10,132352,76599,25390,30363,2024,8,10,5,32,1
2024-08-11,141614,82278,26773,32563,2024,8,11,6,32,1
2024-08-12,133733,74941,26740,32052,2024,8,12,0,33,0
2024-08-13,121120,68251,24595,28274,2024,8,13,1,33,0
2024-08-14,120720,66661,24643,29416,2024,8,14,2,33,0
2024-08-15,122366,66605,25143,30618,2024,8,15,3,33,0
2024-08-16,129055,70621,26976,31458,2024,8,16,4,33,0
2024-08-17,126110,68997,25403,31710,2024,8,17,5,33,1
2024-08-18,140393,79849,26446,34098,2024,8,18,6,33,1
2024-08-19,128219,71610,26425,30184,2024,8,19,0,34,0
2024-08-20,116730,65770,24411,26549,2024,8,20,1,34,0
2024-08-21,120151,67417,25240,27494,2024,8,21,2,34,0
2024-08-22,119706,67332,24893,27481,2024,8,22,3,34,0
2024-08-23,132143,74284,27342,30517,2024,8,23,4,34,0
2024-08-24,129771,73608,25779,30384,2024,8,24,5,34,1
2024-08-25,141400,81445,26697,33258,2024,8,25,6,34,1
2024-08-26,131830,75701,24664,31465,2024,8,26,0,35,0
2024-08-27,112920,64874,21720,26326,2024,8,27,1,35,0
2024-08-28,112955,65483,21165,26307,2024,8,28,2,35,0
2024-08-29,109473,63449,19711,26313,2024,8,29,3,35,0
2024-08-30,114989,67713,19867,27409,2024,8,30,4,35,0
2024-08-31,112341,68599,16545,27197,2024,8,31,5,35,1
2024-09-01,119721,72681,17385,29655,2024,9,1,6,35,1
2024-09-02,98895,54767,15864,28264,2024,9,2,0,36,0
2024-09-03,88168,45493,14506,28169,2024,9,3,1,36,0
2024-09-04,83814,45483,13191,25140,2024,9,4,2,36,0
2024-09-05,85297,46326,13706,25265,2024,9,5,3,36,0
2024-09-06,86096,47141,11610,27345,2024,9,6,4,36,0
2024-09-07,101131,54940,14459,31732,2024,9,7,5,36,1
2024-09-08,108551,60481,16441,31629,2024,9,8,6,36,1
2024-09-09,95988,54529,14882,26577,2024,9,9,0,37,0
2024-09-10,84360,46255,13276,24829,2024,9,10,1,37,0
2024-09-11,83882,45733,12745,25404,2024,9,11,2,37,0
2024-09-12,90665,48530,13553,28582,2024,9,12,3,37,0
2024-09-13,114595,61082,18047,35466,2024,9,13,4,37,0
2024-09-14,120604,59595,20766,40243,2024,9,14,5,37,1
2024-09-15,115520,56361,21216,37943,2024,9,15,6,37,1
2024-09-16,96889,46345,13705,36839,2024,9,16,0,38,0
2024-09-17,105062,46725,21430,36907,2024,9,17,1,38,0
2024-09-18,114712,66258,17217,31237,2024,9,18,2,38,0
2024-09-19,93612,50150,13891,29571,2024,9,19,3,38,0
2024-09-20,101263,54428,14903,31932,2024,9,20,4,38,0
2024-09-21,107215,55721,15604,35890,2024,9,21,5,38,1
2024-09-22,124631,67909,18009,38713,2024,9,22,6,38,1
2024-09-23,113417,62217,16732,34468,2024,9,23,0,39,0
2024-09-24,93471,51032,13797,28642,2024,9,24,1,39,0
2024-09-25,93305,50820,14888,27597,2024,9,25,2,39,0
2024-09-26,100998,54333,17882,28783,2024,9,26,3,39,0
2024-09-27,119378,66912,22558,29908,2024,9,27,4,39,0
2024-09-28,122313,63231,28367,30715,2024,9,28,5,39,1
2024-09-29,115535,57271,26399,31865,2024,9,29,6,39,1
2024-09-30,114918,50916,38595,25407,2024,9,30,0,40,0
2024-10-01,124927,58468,43990,22469,2024,10,1,1,40,0
2024-10-02,103982,44863,35968,23151,2024,10,2,2,40,0
2024-10-03,96258,39459,30279,26520,2024,10,3,3,40,0
2024-10-04,111025,51949,31295,27781,2024,10,4,4,40,0
2024-10-05,118757,54494,36257,28006,2024,10,5,5,40,1
2024-10-06,127410,53983,42849,30578,2024,10,6,6,40,1
2024-10-07,120071,45653,50329,24089,2024,10,7,0,41,0
2024-10-08,109370,48694,35362,25314,2024,10,8,1,41,0
2024-10-09,114918,59555,22929,32434,2024,10,9,2,41,0
2024-10-10,126724,76881,15490,34353,2024,10,10,3,41,0
2024-10-11,121371,74783,11849,34739,2024,10,11,4,41,0
2024-10-12,115866,62118,11770,41978,2024,10,12,5,41,1
2024-10-13,136875,85236,10738,40901,2024,10,13,6,41,1
2024-10-14,128315,74011,12954,41350,2024,10,14,0,42,0
2024-10-15,108548,61885,11615,35048,2024,10,15,1,42,0
2024-10-16,103635,56910,12897,33828,2024,10,16,2,42,0
2024-10-17,104326,56639,12694,34993,2024,10,17,3,42,0
2024-10-18,120494,66547,14503,39444,2024,10,18,4,42,0
2024-10-19,121261,66970,13187,41104,2024,10,19,5,42,1
2024-10-20,131694,72234,14632,44828,2024,10,20,6,42,1
2024-10-21,115148,63176,14029,37943,2024,10,21,0,43,0
2024-10-22,99513,53466,11933,34114,2024,10,22,1,43,0
2024-10-23,104061,54856,13056,36149,2024,10,23,2,43,0
2024-10-24,106183,57280,13048,35855,2024,10,24,3,43,0
2024-10-25,124087,67202,15534,41351,2024,10,25,4,43,0
2024-10-26,122675,65021,14313,43341,2024,10,26,5,43,1
2024-10-27,126146,67042,14947,44157,2024,10,27,6,43,1
2024-10-28,111221,59270,13935,38016,2024,10,28,0,44,0
2024-10-29,96288,50039,12050,34199,2024,10,29,1,44,0
2024-10-30,104534,52366,13037,39131,2024,10,30,2,44,0
2024-10-31,103213,51324,13578,38311,2024,10,31,3,44,0
2024-11-01,118148,61604,13789,42755,2024,11,1,4,44,0
2024-11-02,113155,56829,12519,43807,2024,11,2,5,44,1
2024-11-03,122238,63289,14236,44713,2024,11,3,6,44,1
2024-11-04,117054,59760,13716,43578,2024,11,4,0,45,0
2024-11-05,97579,50554,12223,34802,2024,11,5,1,45,0
2024-11-06,100200,52211,11674,36315,2024,11,6,2,45,0
2024-11-07,105413,56705,12425,36283,2024,11,7,3,45,0
2024-11-08,119532,64542,14816,40174,2024,11,8,4,45,0
2024-11-09,114930,62329,13796,38805,2024,11,9,5,45,1
2024-11-10,126999,68203,15337,43459,2024,11,10,6,45,1
2024-11-11,120510,62315,16032,42163,2024,11,11,0,46,0
2024-11-12,105313,53748,13777,37788,2024,11,12,1,46,0
2024-11-13,104565,54166,12814,37585,2024,11,13,2,46,0
2024-11-14,109980,57875,14208,37897,2024,11,14,3,46,0
2024-11-15,128980,67235,17169,44576,2024,11,15,4,46,0
2024-11-16,123827,63932,15168,44727,2024,11,16,5,46,1
2024-11-17,133803,69310,18181,46312,2024,11,17,6,46,1
2024-11-18,124134,65845,16360,41929,2024,11,18,0,47,0
2024-11-19,102416,54951,12460,35005,2024,11,19,1,47,0
2024-11-20,105360,54991,13652,36717,2024,11,20,2,47,0
2024-11-21,114534,61272,14165,39097,2024,11,21,3,47,0
2024-11-22,126388,69327,15253,41808,2024,11,22,4,47,0
2024-11-23,119150,63711,13278,42161,2024,11,23,5,47,1
2024-11-24,132006,69151,16491,46364,2024,11,24,6,47,1
2024-11-25,121269,65098,14796,41375,2024,11,25,0,48,0
2024-11-26,104394,55751,12640,36003,2024,11,26,1,48,0
2024-11-27,107133,55585,13802,37746,2024,11,27,2,48,0
2024-11-28,112350,59968,14237,38145,2024,11,28,3,48,0
2024-11-29,125698,65744,17208,42746,2024,11,29,4,48,0
2024-11-30,123312,65608,14957,42747,2024,11,30,5,48,1
2024-12-01,131517,69942,16498,45077,2024,12,1,6,48,1
2024-12-02,120339,62983,16594,40762,2024,12,2,0,49,0
2024-12-03,101136,52998,12873,35265,2024,12,3,1,49,0
2024-12-04,103185,53003,13210,36972,2024,12,4,2,49,0
2024-12-05,112042,55751,14829,41462,2024,12,5,3,49,0
2024-12-06,125202,65648,18073,41481,2024,12,6,4,49,0
2024-12-07,121705,61579,15814,44312,2024,12,7,5,49,1
2024-12-08,133091,67486,18207,47398,2024,12,8,6,49,1
2024-12-09,122205,61394,16712,44099,2024,12,9,0,50,0
2024-12-10,109003,54516,14086,40401,2024,12,10,1,50,0
2024-12-11,107942,54649,14533,38760,2024,12,11,2,50,0
2024-12-12,117786,60981,16879,39926,2024,12,12,3,50,0
2024-12-13,132070,73579,18497,39994,2024,12,13,4,50,0
2024-12-14,132796,74451,16313,42032,2024,12,14,5,50,1
2024-12-15,141580,74141,23232,44207,2024,12,15,6,50,1
2024-12-16,132024,71340,18506,42178,2024,12,16,0,51,0
2024-12-17,119715,66527,16816,36372,2024,12,17,1,51,0
2024-12-18,126576,68863,20513,37200,2024,12,18,2,51,0
2024-12-19,136651,78099,17764,40788,2024,12,19,3,51,0
2024-12-20,150168,91050,18345,40773,2024,12,20,4,51,0
2024-12-21,156127,98272,16963,40892,2024,12,21,5,51,1
2024-12-22,151196,90096,17812,43288,2024,12,22,6,51,1
2024-12-23,145722,82845,18056,44821,2024,12,23,0,52,0
2024-12-24,135771,82878,14312,38581,2024,12,24,1,52,0
2024-12-25,138817,82479,12720,43618,2024,12,25,2,52,0
2024-12-26,151391,89850,14903,46638,2024,12,26,3,52,0
2024-12-27,148963,84562,15335,49066,2024,12,27,4,52,0
2024-12-28,148338,80987,14901,52450,2024,12,28,5,52,1
2024-12-29,153531,90436,13309,49786,2024,12,29,6,52,1
2024-12-30,142997,79028,12839,51130,2024,12,30,0,1,0
2024-12-31,134771,78526,13714,42531,2024,12,31,1,1,0
2025-01-01,149312,84755,16313,48244,2025,1,1,2,1,0
2025-01-02,137409,70767,14500,52142,2025,1,2,3,1,0
2025-01-03,130239,66114,14577,49548,2025,1,3,4,1,0
2025-01-04,133273,72280,15379,45614,2025,1,4,5,1,1
2025-01-05,143617,76364,20973,46280,2025,1,5,6,1,1
2025-01-06,128712,67531,18353,42828,2025,1,6,0,2,0
2025-01-07,107991,52755,16256,38980,2025,1,7,1,2,0
2025-01-08,105905,50852,17125,37928,2025,1,8,2,2,0
2025-01-09,110834,50977,19663,40194,2025,1,9,3,2,0
2025-01-10,123533,58198,21777,43558,2025,1,10,4,2,0
2025-01-11,122099,56631,21562,43906,2025,1,11,5,2,1
2025-01-12,130808,62170,23767,44871,2025,1,12,6,2,1
2025-01-13,123173,56162,23064,43947,2025,1,13,0,3,0
2025-01-14,109307,48833,23030,37444,2025,1,14,1,3,0
2025-01-15,114675,49799,25211,39665,2025,1,15,2,3,0
2025-01-16,119532,50660,28821,40051,2025,1,16,3,3,0
2025-01-17,128847,56077,30419,42351,2025,1,17,4,3,0
2025-01-18,127042,52590,32925,41527,2025,1,18,5,3,1
2025-01-19,132904,55314,33856,43734,2025,1,19,6,3,1
2025-01-20,126669,52281,34824,39564,2025,1,20,0,4,0
2025-01-21,113411,43988,33619,35804,2025,1,21,1,4,0
2025-01-22,122085,50026,35865,36194,2025,1,22,2,4,0
2025-01-23,129153,57584,35199,36370,2025,1,23,3,4,0
2025-01-24,146782,78092,31796,36894,2025,1,24,4,4,0
2025-01-25,149921,81223,31283,37415,2025,1,25,5,4,1
2025-01-26,146276,72998,34866,38412,2025,1,26,6,4,1
2025-01-27,140583,64827,37146,38610,2025,1,27,0,5,0
2025-01-28,125138,70987,23330,30821,2025,1,28,1,5,0
2025-01-29,123757,67551,25061,31145,2025,1,29,2,5,0
2025-01-30,125231,63461,31878,29892,2025,1,30,3,5,0
2025-01-31,140186,74121,34139,31926,2025,1,31,4,5,0
2025-02-01,148912,88935,29144,30833,2025,2,1,5,5,1
2025-02-02,157978,98896,27677,31405,2025,2,2,6,5,1
2025-02-03,150553,86920,35335,28298,2025,2,3,0,6,0
2025-02-04,136664,76502,36130,24032,2025,2,4,1,6,0
2025-02-05,129738,72523,31944,25271,2025,2,5,2,6,0
2025-02-06,120304,61100,32523,26681,2025,2,6,3,6,0
2025-02-07,123358,59654,32187,31517,2025,2,7,4,6,0
2025-02-08,121119,62598,26897,31624,2025,2,8,5,6,1
2025-02-09,131693,68458,28102,35133,2025,2,9,6,6,1
2025-02-10,118780,54607,28608,35565,2025,2,10,0,7,0
2025-02-11,105354,45523,25535,34296,2025,2,11,1,7,0
2025-02-12,102957,46277,20726,35954,2025,2,12,2,7,0
2025-02-13,107903,49875,20308,37720,2025,2,13,3,7,0
2025-02-14,115775,54311,19759,41705,2025,2,14,4,7,0
2025-02-15,116825,55485,17911,43429,2025,2,15,5,7,1
2025-02-16,128033,59687,18894,49452,2025,2,16,6,7,1
2025-02-17,116685,54583,17666,44436,2025,2,17,0,8,0
2025-02-18,100877,46335,15015,39527,2025,2,18,1,8,0
2025-02-19,100479,46448,14640,39391,2025,2,19,2,8,0
2025-02-20,105321,48097,15371,41853,2025,2,20,3,8,0
2025-02-21,123419,56056,17049,50314,2025,2,21,4,8,0
2025-02-22,115484,52733,14607,48144,2025,2,22,5,8,1
2025-02-23,125219,58269,17299,49651,2025,2,23,6,8,1
2025-02-24,117059,53945,14780,48334,2025,2,24,0,9,0
2025-02-25,97697,45191,12170,40336,2025,2,25,1,9,0
2025-02-26,99418,45408,13436,40574,2025,2,26,2,9,0
2025-02-27,105027,46792,13818,44417,2025,2,27,3,9,0
2025-02-28,123170,56966,16422,49782,2025,2,28,4,9,0
2025-03-01,115996,54489,14835,46672,2025,3,1,5,9,1
2025-03-02,126725,58400,16987,51338,2025,3,2,6,9,1
2025-03-03,112583,50883,15577,46123,2025,3,3,0,10,0
2025-03-04,89851,42659,11857,35335,2025,3,4,1,10,0
2025-03-05,95295,46176,13321,35798,2025,3,5,2,10,0
2025-03-06,99632,48602,14080,36950,2025,3,6,3,10,0
2025-03-07,116346,59210,16276,40860,2025,3,7,4,10,0
2025-03-08,111673,57076,13899,40698,2025,3,8,5,10,1
2025-03-09,123440,62534,16809,44097,2025,3,9,6,10,1
2025-03-10,111474,56415,15265,39794,2025,3,10,0,11,0
2025-03-11,96283,49404,12175,34704,2025,3,11,1,11,0
2025-03-12,96017,48130,13155,34732,2025,3,12,2,11,0
2025-03-13,103659,52315,14038,37306,2025,3,13,3,11,0
2025-03-14,119946,60341,16396,43209,2025,3,14,4,11,0
2025-03-15,113687,57296,14110,42281,2025,3,15,5,11,1
2025-03-16,127274,63689,17655,45930,2025,3,16,6,11,1
2025-03-17,115230,58317,15956,40957,2025,3,17,0,12,0
2025-03-18,100601,50134,14154,36313,2025,3,18,1,12,0
2025-03-19,103348,50626,14550,38172,2025,3,19,2,12,0
2025-03-20,114182,54192,16502,43488,2025,3,20,3,12,0
2025-03-21,124170,61857,17986,44327,2025,3,21,4,12,0
2025-03-22,117347,57232,15944,44171,2025,3,22,5,12,1
2025-03-23,132265,64398,18718,49149,2025,3,23,6,12,1
2025-03-24,122395,61544,17438,43413,2025,3,24,0,13,0
2025-03-25,109889,54592,16050,39247,2025,3,25,1,13,0
2025-03-26,114274,53546,16025,44703,2025,3,26,2,13,0
2025-03-27,115698,55127,16666,43905,2025,3,27,3,13,0
2025-03-28,129380,63251,18941,47188,2025,3,28,4,13,0
2025-03-29,125012,61069,17328,46615,2025,3,29,5,13,1
2025-03-30,129918,63257,18643,48018,2025,3,30,6,13,1
2025-03-31,121659,60059,16183,45417,2025,3,31,0,14,0
2025-04-01,108149,54025,14848,39276,2025,4,1,1,14,0
2025-04-02,110632,53234,15795,41603,2025,4,2,2,14,0
2025-04-03,131562,70285,19446,41831,2025,4,3,3,14,0
2025-04-04,128565,66943,18620,43002,2025,4,4,4,14,0
2025-04-05,117125,56305,14683,46137,2025,4,5,5,14,1
2025-04-06,148401,77372,21519,49510,2025,4,6,6,14,1
2025-04-07,131843,67984,20928,42931,2025,4,7,0,15,0
2025-04-08,114691,59714,19369,35608,2025,4,8,1,15,0
2025-04-09,113793,55878,18748,39167,2025,4,9,2,15,0
2025-04-10,122534,63374,19633,39527,2025,4,10,3,15,0
2025-04-11,138510,79718,18225,40567,2025,4,11,4,15,0
2025-04-12,137854,80136,15679,42039,2025,4,12,5,15,1
2025-04-13,145893,81087,19141,45665,2025,4,13,6,15,1
2025-04-14,133891,75058,16579,42254,2025,4,14,0,16,0
2025-04-15,132364,78838,15017,38509,2025,4,15,1,16,0
2025-04-16,142447,91528,13583,37336,2025,4,16,2,16,0
2025-04-17,152822,104783,12646,35393,2025,4,17,3,16,0
2025-04-18,155406,101547,13358,40501,2025,4,18,4,16,0
2025-04-19,143488,87689,13326,42473,2025,4,19,5,16,1
2025-04-20,158355,99447,14779,44129,2025,4,20,6,16,1
2025-04-21,163086,118297,11025,33764,2025,4,21,0,17,0
2025-04-22,151575,106162,11026,34387,2025,4,22,1,17,0
2025-04-23,138626,87576,12755,38295,2025,4,23,2,17,0
2025-04-24,128160,76595,15022,36543,2025,4,24,3,17,0
2025-04-25,135395,78697,17623,39075,2025,4,25,4,17,0
2025-04-26,137756,79666,18295,39795,2025,4,26,5,17,1
2025-04-27,141422,81469,19131,40822,2025,4,27,6,17,1
2025-04-28,119330,60991,21948,36391,2025,4,28,0,18,0
2025-04-29,124941,59315,28101,37525,2025,4,29,1,18,0
2025-04-30,139360,69620,33239,36501,2025,4,30,2,18,0
2025-05-01,147468,72416,33375,41677,2025,5,1,3,18,0
2025-05-02,121279,55192,27323,38764,2025,5,2,4,18,0
2025-05-03,123310,55874,22618,44818,2025,5,3,5,18,1
2025-05-04,137983,62250,31744,43989,2025,5,4,6,18,1
2025-05-05,145666,78090,31793,35783,2025,5,5,0,19,0
2025-05-06,131288,63801,28096,39391,2025,5,6,1,19,0
2025-05-07,111388,55806,22181,33401,2025,5,7,2,19,0
2025-05-08,103935,52480,17456,33999,2025,5,8,3,19,0
2025-05-09,109969,55606,18228,36135,2025,5,9,4,19,0
2025-05-10,108223,56298,17250,34675,2025,5,10,5,19,1
2025-05-11,119581,62603,19739,37239,2025,5,11,6,19,1
2025-05-12,116991,57917,17775,41299,2025,5,12,0,20,0
2025-05-13,100416,52698,14730,32988,2025,5,13,1,20,0
2025-05-14,100617,51749,15226,33642,2025,5,14,2,20,0
2025-05-15,106158,56588,15640,33930,2025,5,15,3,20,0
2025-05-16,118665,64934,17681,36050,2025,5,16,4,20,0
2025-05-17,114284,64122,16089,34073,2025,5,17,5,20,1
2025-05-18,126406,68610,20084,37712,2025,5,18,6,20,1
2025-05-19,117038,61442,18230,37366,2025,5,19,0,21,0
2025-05-20,102440,55760,15400,31280,2025,5,20,1,21,0
2025-05-21,100695,54646,15506,30543,2025,5,21,2,21,0
2025-05-22,104728,56440,16612,31676,2025,5,22,3,21,0
2025-05-23,121045,66377,18770,35898,2025,5,23,4,21,0
2025-05-24,118115,64515,18703,34897,2025,5,24,5,21,1
2025-05-25,126233,69977,19541,36715,2025,5,25,6,21,1
2025-05-26,113994,62457,17963,33574,2025,5,26,0,22,0
2025-05-27,101101,55660,15637,29804,2025,5,27,1,22,0
2025-05-28,103148,53732,17047,32369,2025,5,28,2,22,0
2025-05-29,109478,53211,19389,36878,2025,5,29,3,22,0
2025-05-30,128263,62778,25212,40273,2025,5,30,4,22,0
2025-05-31,120781,59793,23257,37731,2025,5,31,5,22,1
2025-06-01,121863,66793,14745,40325,2025,6,1,6,22,1
2025-06-02,120090,57070,27760,35260,2025,6,2,0,23,0
2025-06-03,107105,51158,22829,33118,2025,6,3,1,23,0
2025-06-04,96362,48787,17385,30190,2025,6,4,2,23,0
2025-06-05,97607,49452,16212,31943,2025,6,5,3,23,0
2025-06-06,111393,58504,16846,36043,2025,6,6,4,23,0
2025-06-07,107869,56675,16177,35017,2025,6,7,5,23,1
2025-06-08,119920,63306,17967,38647,2025,6,8,6,23,1
2025-06-09,110486,58466,16237,35783,2025,6,9,0,24,0
2025-06-10,97954,51376,16092,30486,2025,6,10,1,24,0
2025-06-11,97601,51285,15784,30532,2025,6,11,2,24,0
2025-06-12,101249,52431,16210,32608,2025,6,12,3,24,0
2025-06-13,111948,59346,18258,34344,2025,6,13,4,24,0
2025-06-14,114739,60934,17397,36408,2025,6,14,5,24,1
2025-06-15,122233,65510,18602,38121,2025,6,15,6,24,1
2025-06-16,113831,60960,18661,34210,2025,6,16,0,25,0
2025-06-17,103520,54589,17637,31294,2025,6,17,1,25,0
2025-06-18,107776,55711,18725,33340,2025,6,18,2,25,0
2025-06-19,108603,56705,18454,33444,2025,6,19,3,25,0
2025-06-20,123829,66938,19493,37398,2025,6,20,4,25,0
2025-06-21,120343,65158,18998,36187,2025,6,21,5,25,1
2025-06-22,129889,69367,20287,40235,2025,6,22,6,25,1
2025-06-23,120358,63872,20044,36442,2025,6,23,0,26,0
2025-06-24,109561,57341,19942,32278,2025,6,24,1,26,0
2025-06-25,114250,60397,20393,33460,2025,6,25,2,26,0
2025-06-26,123748,67716,20889,35143,2025,6,26,3,26,0
2025-06-27,142018,83138,21475,37405,2025,6,27,4,26,0
2025-06-28,140580,83531,22194,34855,2025,6,28,5,26,1
2025-06-29,140767,75054,25152,40561,2025,6,29,6,26,1
2025-06-30,128886,70806,22436,35644,2025,6,30,0,27,0
2025-07-01,128897,82563,17506,28828,2025,7,1,1,27,0
2025-07-02,120028,69074,19405,31549,2025,7,2,2,27,0
2025-07-03,111723,58388,21055,32280,2025,7,3,3,27,0
2025-07-04,119098,61360,22215,35523,2025,7,4,4,27,0
2025-07-05,116701,59076,24606,33019,2025,7,5,5,27,1
2025-07-06,127676,67690,23341,36645,2025,7,6,6,27,1
2025-07-07,115745,57508,23909,34328,2025,7,7,0,28,0
2025-07-08,105251,51101,23525,30625,2025,7,8,1,28,0
2025-07-09,107655,50826,24127,32702,2025,7,9,2,28,0
2025-07-10,111474,53390,24145,33939,2025,7,10,3,28,0
2025-07-11,127209,66263,25910,35036,2025,7,11,4,28,0
2025-07-12,123666,63316,27388,32962,2025,7,12,5,28,1
2025-07-13,133828,68576,27765,37487,2025,7,13,6,28,1
2025-07-14,121341,62027,26435,32879,2025,7,14,0,29,0
2025-07-15,113766,59083,24634,30049,2025,7,15,1,29,0
2025-07-16,115993,61495,24262,30236,2025,7,16,2,29,0
2025-07-17,119026,63090,24396,31540,2025,7,17,3,29,0
2025-07-18,134354,72679,26666,35009,2025,7,18,4,29,0
2025-07-19,142383,77930,28616,35837,2025,7,19,5,29,1
2025-07-20,49869,25840,9790,14239,2025,7,20,6,29,1
2025-07-21,164851,89699,30265,44887,2025,7,21,0,30,0
2025-07-22,138902,77879,27184,33839,2025,7,22,1,30,0
2025-07-23,125431,69996,24449,30986,2025,7,23,2,30,0
2025-07-24,126225,69637,24300,32288,2025,7,24,3,30,0
2025-07-25,140310,79006,25281,36023,2025,7,25,4,30,0
2025-07-26,142092,79499,26870,35723,2025,7,26,5,30,1
2025-07-27,149136,83056,27456,38624,2025,7,27,6,30,1
2025-07-28,139487,77115,25775,36597,2025,7,28,0,31,0
2025-07-29,126813,69127,25844,31842,2025,7,29,1,31,0
2025-07-30,129633,72313,24178,33142,2025,7,30,2,31,0
2025-07-31,137350,78174,26776,32400,2025,7,31,3,31,0
2025-08-01,146473,85140,27243,34090,2025,8,1,4,31,0
2025-08-02,136490,77336,27110,32044,2025,8,2,5,31,1
2025-08-03,150978,86868,28894,35216,2025,8,3,6,31,1
2025-08-04,137727,79754,26239,31734,2025,8,4,0,32,0
2025-08-05,122686,66705,26421,29560,2025,8,5,1,32,0
2025-08-06,137578,79028,27788,30762,2025,8,6,2,32,0
2025-08-07,135661,76721,27893,31047,2025,8,7,3,32,0
2025-08-08,143728,80114,28563,35051,2025,8,8,4,32,0
2025-08-09,146244,79562,29004,37678,2025,8,9,5,32,1
2025-08-10,152434,85545,28842,38047,2025,8,10,6,32,1
2025-08-11,144903,79321,28802,36780,2025,8,11,0,33,0
2025-08-12,134151,71009,27089,36053,2025,8,12,1,33,0
2025-08-13,131357,69668,27503,34186,2025,8,13,2,33,0
2025-08-14,126633,64183,25651,36799,2025,8,14,3,33,0
2025-08-15,156402,83014,30920,42468,2025,8,15,4,33,0
2025-08-16,145497,75345,29503,40649,2025,8,16,5,33,1
2025-08-17,149174,78451,29468,41255,2025,8,17,6,33,1
2025-08-18,139502,75066,28139,36297,2025,8,18,0,34,0
2025-08-19,129734,69247,28333,32154,2025,8,19,1,34,0
2025-08-20,130475,69238,28789,32448,2025,8,20,2,34,0
2025-08-21,131100,69206,28319,33575,2025,8,21,3,34,0
2025-08-22,142576,75640,29782,37154,2025,8,22,4,34,0
2025-08-23,139231,74754,28616,35861,2025,8,23,5,34,1
2025-08-24,149640,81815,29145,38680,2025,8,24,6,34,1
2025-08-25,138133,76341,26111,35681,2025,8,25,0,35,0
2025-08-26,127347,69749,25708,31890,2025,8,26,1,35,0
2025-08-27,122200,65479,24788,31933,2025,8,27,2,35,0
2025-08-28,121119,65095,24205,31819,2025,8,28,3,35,0
2025-08-29,130441,70552,26094,33795,2025,8,29,4,35,0
2025-08-30,122294,66442,22843,33009,2025,8,30,5,35,1
2025-08-31,131564,74040,22414,35110,2025,8,31,6,35,1
2025-09-01,107939,56740,19480,31719,2025,9,1,0,36,0
2025-09-02,93908,45656,18363,29889,2025,9,2,1,36,0
2025-09-03,86906,42972,16399,27535,2025,9,3,2,36,0
2025-09-04,89751,44814,16951,27986,2025,9,4,3,36,0
2025-09-05,107854,53655,19053,35146,2025,9,5,4,36,0
2025-09-06,100957,50130,17774,33053,2025,9,6,5,36,1
2025-09-07,114503,57152,20502,36849,2025,9,7,6,36,1
2025-09-08,89669,43994,15613,30062,2025,9,8,0,37,0
2025-09-09,101711,51233,16729,33749,2025,9,9,1,37,0
2025-09-10,93275,46389,15240,31646,2025,9,10,2,37,0
2025-09-11,97382,48416,17250,31716,2025,9,11,3,37,0
2025-09-12,115205,57581,19842,37782,2025,9,12,4,37,0
2025-09-13,109167,53722,17166,38279,2025,9,13,5,37,1
2025-09-14,122771,60910,19845,42016,2025,9,14,6,37,1
2025-09-15,113595,54909,18429,40257,2025,9,15,0,38,0
2025-09-16,99584,47750,16988,34846,2025,9,16,1,38,0
2025-09-17,97661,47928,16975,32758,2025,9,17,2,38,0
2025-09-18,104584,52696,17287,34601,2025,9,18,3,38,0
2025-09-19,117857,58946,18842,40069,2025,9,19,4,38,0
2025-09-20,116053,54853,18324,42876,2025,9,20,5,38,1
2025-09-21,129119,63475,20272,45372,2025,9,21,6,38,1
2025-09-22,128709,67885,19002,41822,2025,9,22,0,39,0
2025-09-23,53042,27117,7740,18185,2025,9,23,1,39,0
2025-09-24,211,131,25,55,2025,9,24,2,39,0
2025-09-25,119369,61146,18024,40199,2025,9,25,3,39,0
2025-09-26,142677,75331,23500,43846,2025,9,26,4,39,0
2025-09-27,130874,64106,28208,38560,2025,9,27,5,39,1
2025-09-28,124275,59852,26713,37710,2025,9,28,6,39,1
2025-09-29,119644,48159,34859,36626,2025,9,29,0,40,0
2025-09-30,128028,54998,43578,29452,2025,9,30,1,40,0
2025-10-01,134513,58726,48079,27708,2025,10,1,2,40,0
2025-10-02,119779,46598,42137,31044,2025,10,2,3,40,0
2025-10-03,122393,53613,33306,35474,2025,10,3,4,40,0
2025-10-04,126905,59367,32539,34999,2025,10,4,5,40,1
2025-10-05,129775,55920,36529,37326,2025,10,5,6,40,1
2025-10-06,126598,50637,39659,36302,2025,10,6,0,41,0
2025-10-07,138973,67625,41246,30102,2025,10,7,1,41,0
2025-10-08,133287,53041,49614,30632,2025,10,8,2,41,0
2025-10-09,121786,50748,35073,35965,2025,10,9,3,41,0
2025-10-10,124745,57092,23422,44231,2025,10,10,4,41,0
2025-10-11,119981,59691,17121,43169,2025,10,11,5,41,1
2025-10-12,132651,68019,18955,45677,2025,10,12,6,41,1
2025-10-13,126675,63072,16204,47399,2025,10,13,0,42,0
2025-10-14,114323,56137,15526,42660,2025,10,14,1,42,0
2025-10-15,111552,55972,15585,39995,2025,10,15,2,42,0
2025-10-16,114934,58138,15959,40837,2025,10,16,3,42,0
2025-10-17,133071,69835,17536,45700,2025,10,17,4,42,0
2025-10-18,127879,66294,15791,45794,2025,10,18,5,42,1
2025-10-19,136867,69902,16814,50151,2025,10,19,6,42,1
2025-10-20,127789,65280,16787,45722,2025,10,20,0,43,0
2025-10-21,113842,55359,15783,42700,2025,10,21,1,43,0
2025-10-22,117021,57026,15235,44760,2025,10,22,2,43,0
2025-10-23,126622,61617,16715,48290,2025,10,23,3,43,0
2025-10-24,141004,75229,17245,48530,2025,10,24,4,43,0
2025-10-25,135856,72902,15461,47493,2025,10,25,5,43,1
2025-10-26,143240,69973,18037,55230,2025,10,26,6,43,1
2025-10-27,129009,63839,16310,48860,2025,10,27,0,44,0
2025-10-28,119491,64403,14145,40943,2025,10,28,1,44,0
2025-10-29,132867,77479,13616,41772,2025,10,29,2,44,0
2025-10-30,121786,59240,16309,46237,2025,10,30,3,44,0
2025-10-31,132515,66368,17316,48831,2025,10,31,4,44,0
2025-11-01,129872,70149,14841,44882,2025,11,1,5,44,1
2025-11-02,145715,81136,15919,48660,2025,11,2,6,44,1
2025-11-03,129727,67870,15453,46404,2025,11,3,0,45,0
2025-11-04,111704,56432,14403,40869,2025,11,4,1,45,0
2025-11-05,110985,54321,14604,42060,2025,11,5,2,45,0
2025-11-06,113518,57597,15055,40866,2025,11,6,3,45,0
2025-11-07,129185,65491,18069,45625,2025,11,7,4,45,0
2025-11-08,125197,64597,15688,44912,2025,11,8,5,45,1
2025-11-09,133160,68247,17027,47886,2025,11,9,6,45,1
2025-11-10,125347,62025,16998,46324,2025,11,10,0,46,0
2025-11-11,111664,54789,15201,41674,2025,11,11,1,46,0
2025-11-12,110181,53430,16175,40576,2025,11,12,2,46,0
2025-11-13,118229,58890,17206,42133,2025,11,13,3,46,0
2025-11-14,138323,69931,18860,49532,2025,11,14,4,46,0
2025-11-15,130986,65632,17765,47589,2025,11,15,5,46,1
2025-11-16,140248,69535,19669,51044,2025,11,16,6,46,1
2025-11-17,131461,66063,17516,47882,2025,11,17,0,47,0
2025-11-18,113666,56083,15598,41985,2025,11,18,1,47,0
2025-11-19,115467,56142,16022,43303,2025,11,19,2,47,0
2025-11-20,123337,61064,16460,45813,2025,11,20,3,47,0
2025-11-21,136487,66816,17921,51750,2025,11,21,4,47,0
2025-11-22,126953,62577,16275,48101,2025,11,22,5,47,1
2025-11-23,137942,69330,17965,50647,2025,11,23,6,47,1
2025-11-24,126884,60940,16651,49293,2025,11,24,0,48,0
2025-11-25,112735,55762,15488,41485,2025,11,25,1,48,0
2025-11-26,120213,59752,17268,43193,2025,11,26,2,48,0
2025-11-27,120709,59408,17577,43724,2025,11,27,3,48,0
2025-11-28,136805,67362,21464,47979,2025,11,28,4,48,0
2025-11-29,130571,64938,19021,46612,2025,11,29,5,48,1
2025-11-30,142983,69867,21994,51122,2025,11,30,6,48,1
2025-12-01,129675,64467,19522,45686,2025,12,1,0,49,0
2025-12-02,111124,55497,16216,39411,2025,12,2,1,49,0
2025-12-03,113373,55489,16424,41460,2025,12,3,2,49,0
2025-12-04,119507,58504,17479,43524,2025,12,4,3,49,0
2025-12-05,138897,67975,21675,49247,2025,12,5,4,49,0
2025-12-06,133552,64840,19868,48844,2025,12,6,5,49,1
2025-12-07,140501,66255,21301,52945,2025,12,7,6,49,1
2025-12-08,136525,69431,19624,47470,2025,12,8,0,50,0
2025-12-09,117651,58165,16910,42576,2025,12,9,1,50,0
2025-12-10,118848,58585,17297,42966,2025,12,10,2,50,0
2025-12-11,123056,61176,18092,43788,2025,12,11,3,50,0
2025-12-12,140507,72718,19860,47929,2025,12,12,4,50,0
